image_id,class,source_file,orig_width,orig_height,had_gps,setting,lighting,background,distance,orientation,notes,include
bag_001,bag,bag/indoor/0BF30998-BBCD-43E5-8BB8-51B3110FCD44_1_201_a.heic,3727,4065,1,indoor,,,,,,yes
bag_002,bag,bag/indoor/2232860D-858E-4229-924C-8F03EEF92D07_1_201_a.heic,3723,3245,1,indoor,,,,,,yes
bag_003,bag,bag/indoor/2A43388E-B355-4D48-BF0C-E32635EECD38_1_201_a.heic,4248,2391,1,indoor,,,,,,yes
bag_004,bag,bag/indoor/3440EFC8-645A-4DD8-905B-DA88BF4D0C00_1_201_a.heic,2847,3683,1,indoor,,,,,,yes
bag_005,bag,bag/indoor/8DB0F2C6-C991-4C25-B9BA-088DFF9219C3_1_201_a.heic,2622,5650,1,indoor,,,,,,yes
bag_006,bag,bag/indoor/9E42CE0C-9C26-40D0-88D2-2D49119C4431_1_201_a.heic,2976,4951,1,indoor,,,,,,yes
bag_007,bag,bag/indoor/A83BE13E-84C2-4419-919A-1A7B304EFE0C_1_105_c.jpeg,768,1024,1,indoor,,,,,,yes
bag_008,bag,bag/indoor/B2EE5943-3114-49B0-B772-C512B8BB30E1_1_201_a.heic,4283,3778,1,indoor,,,,,,yes
bag_009,bag,bag/indoor/CF7191D8-174C-4FB8-A3CF-FE4032340334_1_201_a.heic,3549,4323,1,indoor,,,,,,yes
bag_010,bag,bag/indoor/D5B0F10E-E268-445F-AD5F-83C90C40971F_1_201_a.heic,5711,3730,1,indoor,,,,,,yes
bag_011,bag,bag/indoor/DE971DB1-7910-46D1-ADC9-D1B75501E95F_1_201_a.heic,3744,4094,1,indoor,,,,,,yes
bag_012,bag,bag/indoor/EBC85A14-8122-4978-95AD-A121F8F08432_1_201_a.heic,3447,3985,1,indoor,,,,,,yes
bag_013,bag,bag/outdoor/01693AFD-3DCE-4668-9C13-84EC144C08B1_1_105_c.jpeg,1024,768,1,outdoor,,,,,,yes
bag_014,bag,bag/outdoor/07EC7AC9-6173-4B40-9E4E-406A1104ADAA_1_201_a.heic,4280,4612,1,outdoor,,,,,,yes
bag_015,bag,bag/outdoor/0B63E7AE-17CF-4099-97D1-E9076526AA54.heic,4284,5712,1,outdoor,,,,,,yes
bag_016,bag,bag/outdoor/0F879141-D88E-4D86-AC0F-E1FBEEE240FF_1_105_c.jpeg,1024,768,1,outdoor,,,,,,yes
bag_017,bag,bag/outdoor/289C524B-BDBA-4CB7-9432-1C9B53A3BFA4.heic,4284,5712,1,outdoor,,,,,,yes
bag_018,bag,bag/outdoor/5CA963A2-099D-4946-A896-FA45E5781618.heic,4284,5712,1,outdoor,,,,,,yes
bag_019,bag,bag/outdoor/6D73FB65-E6E2-400A-A967-2377A91053DD_1_201_a.heic,4276,4403,1,outdoor,,,,,,yes
bag_020,bag,bag/outdoor/74F9A693-00F8-484A-B4D4-5057D9FDE762.heic,4284,5712,1,outdoor,,,,,,yes
bag_021,bag,bag/outdoor/7E0E8901-03FE-4F8E-95D9-DC6F5679BE3B.heic,4284,5712,1,outdoor,,,,,,yes
bag_022,bag,bag/outdoor/B63F9745-BCC6-463C-999E-6F92B05C70EE.heic,4284,5712,1,outdoor,,,,,,yes
bag_023,bag,bag/outdoor/D47DA6ED-74C4-4807-B33A-6E71404EB156.heic,4284,5712,1,outdoor,,,,,,yes
bag_024,bag,bag/outdoor/F8B8DB1C-A3D5-4776-B64B-3489AB764C4A.heic,4284,5712,1,outdoor,,,,,,yes
bottle_001,bottle,bottle/indoor/057CBA6C-7A81-4F0E-8F29-303BD41F8ACA_1_105_c.jpeg,768,1024,1,indoor,,,,,,yes
bottle_002,bottle,bottle/indoor/176F1189-4B29-4540-AEF3-25B50E0D5106_1_105_c.jpeg,768,1024,1,indoor,,,,,,yes
bottle_003,bottle,bottle/indoor/3590F734-02C4-4A3D-A32B-E169E81A0419_1_105_c.jpeg,768,1024,1,indoor,,,,,,yes
bottle_004,bottle,bottle/indoor/36982E89-8EB0-4ED3-B663-ACE9C4F4823E_1_105_c.jpeg,768,1024,1,indoor,,,,,,yes
bottle_005,bottle,bottle/indoor/3DE51D97-867B-4253-A6A3-1C181585C599_1_105_c.jpeg,768,1024,1,indoor,,,,,,yes
bottle_006,bottle,bottle/indoor/47E3DD51-D17D-432C-A49B-37AD1B5C03C2_1_105_c.jpeg,768,1024,1,indoor,,,,,,yes
bottle_007,bottle,bottle/indoor/62108AEF-145B-455E-BECA-CC7CA3414CD4_1_105_c.jpeg,768,1024,1,indoor,,,,,,yes
bottle_008,bottle,bottle/indoor/66F69520-35DE-4BFD-B0A6-297DCF5B4C8C_1_105_c.jpeg,768,1024,1,indoor,,,,,,yes
bottle_009,bottle,bottle/indoor/7978330C-A7D9-44D3-8B63-D6342BCA2DC3_1_105_c.jpeg,768,1024,1,indoor,,,,,,yes
bottle_010,bottle,bottle/indoor/A00CB0EB-1FEC-4FEB-A20F-E2645DF28F0A_1_105_c.jpeg,768,1024,1,indoor,,,,,,yes
bottle_011,bottle,bottle/indoor/A530FA6C-BF88-4164-BAB3-CE2BE8194DE2_1_105_c.jpeg,768,1024,1,indoor,,,,,,yes
bottle_012,bottle,bottle/indoor/C087CFA0-E4E3-45C8-A7E3-232A85508709_1_105_c.jpeg,768,1024,1,indoor,,,,,,yes
bottle_013,bottle,bottle/indoor/DDB2805E-0928-4591-AA7F-33166DAB6FCC_1_105_c.jpeg,768,1024,1,indoor,,,,,,yes
bottle_014,bottle,bottle/indoor/EA5BD390-28E9-4153-BA43-0D2C3267C4D8_1_105_c.jpeg,768,1024,1,indoor,,,,,,yes
bottle_015,bottle,bottle/indoor/EB357C3E-A07B-4D99-97BB-8A8B231CDD04_1_105_c.jpeg,768,1024,1,indoor,,,,,,yes
bottle_016,bottle,bottle/indoor/EB755753-A1D5-41F1-B1E9-78C53B940FEF_1_105_c.jpeg,768,1024,1,indoor,,,,,,yes
bottle_017,bottle,bottle/indoor/F30A3E84-3F85-4434-897D-A66803234DD7_1_105_c.jpeg,768,1024,1,indoor,,,,,,yes
bottle_018,bottle,bottle/indoor/FBCBCB3C-1A46-461B-AE2D-4C42F69A07F3_1_105_c.jpeg,768,1024,1,indoor,,,,,,yes
bottle_019,bottle,bottle/outdoor/2B11D839-285B-45B5-B8A8-98A2680A3B9C.heic,4284,5712,1,outdoor,,,,,,yes
bottle_020,bottle,bottle/outdoor/2D1C355A-289D-40C1-B34C-DE9134A7A5B5.heic,4284,5712,1,outdoor,,,,,,yes
bottle_021,bottle,bottle/outdoor/3ACE7723-65F2-4BCF-A56C-31267E4EE329.heic,4284,5712,1,outdoor,,,,,,yes
bottle_022,bottle,bottle/outdoor/3BD20098-B541-4C45-9577-B6523550B48E.heic,4284,5712,1,outdoor,,,,,,yes
bottle_023,bottle,bottle/outdoor/499D2CB4-AEF8-4DB6-9212-E11BFE070BC3.heic,4284,5712,1,outdoor,,,,,,yes
bottle_024,bottle,bottle/outdoor/5A919ED7-F1C0-4923-AB0F-7D287F3F8E41.heic,4284,5712,1,outdoor,,,,,,yes
bottle_025,bottle,bottle/outdoor/685FDD31-D110-4872-B7A8-E225AEA87470.heic,4284,5712,1,outdoor,,,,,,yes
bottle_026,bottle,bottle/outdoor/68E59B63-E201-4020-A3AB-E8C6F80D8D0A.heic,4284,5712,1,outdoor,,,,,,yes
bottle_027,bottle,bottle/outdoor/8C1380B7-AD70-4B6B-B6B9-DF391FCE60B3.heic,4284,5712,1,outdoor,,,,,,yes
bottle_028,bottle,bottle/outdoor/9FC64412-6800-4DD1-AED6-1B040FE5EB6A.heic,4284,5712,1,outdoor,,,,,,yes
bottle_029,bottle,bottle/outdoor/A8F2B34C-0549-4D07-B2A6-1BDA4FC78CE2.heic,4284,5712,1,outdoor,,,,,,yes
bottle_030,bottle,bottle/outdoor/E8CF9C3B-66D4-472A-8B8F-BAEE4107934E.heic,4284,5712,1,outdoor,,,,,,yes
mouse_001,mouse,mouse/indoor/01129BA8-9158-47C2-9E2F-0822A49B37AE_1_105_c.jpeg,1024,768,1,indoor,,,,,,yes
mouse_002,mouse,mouse/indoor/04C1C626-0C38-403C-87DA-5B0F438A4781_1_105_c.jpeg,1024,768,1,indoor,,,,,,yes
mouse_003,mouse,mouse/indoor/11A24462-923E-435D-BE07-4CA6B41E9316_1_105_c.jpeg,768,1024,1,indoor,,,,,,yes
mouse_004,mouse,mouse/indoor/2EFE7AB0-C9EF-4727-886F-D4A68E76D3EC_1_105_c.jpeg,768,1024,1,indoor,,,,,,yes
mouse_005,mouse,mouse/indoor/424EC62E-871B-422D-8E90-9947B30A3CA1_1_105_c.jpeg,768,1024,1,indoor,,,,,,yes
mouse_006,mouse,mouse/indoor/659DDD84-4E1D-45AD-B712-CD90F41BC7C6_1_105_c.jpeg,768,1024,1,indoor,,,,,,yes
mouse_007,mouse,mouse/indoor/774D789C-E36E-4AF1-8D94-048222C16EFE_1_105_c.jpeg,1024,768,1,indoor,,,,,,yes
mouse_008,mouse,mouse/indoor/7ACF700E-28CC-4A08-B1C4-862A32293398_1_105_c.jpeg,768,1024,1,indoor,,,,,,yes
mouse_009,mouse,mouse/indoor/82750638-3B48-4196-B3A4-9B3D563D80B9_1_105_c.jpeg,768,1024,1,indoor,,,,,,yes
mouse_010,mouse,mouse/indoor/867DC6FE-4CB9-4A29-A1CC-51903D200C73_1_105_c.jpeg,768,1024,1,indoor,,,,,,yes
mouse_011,mouse,mouse/indoor/89CBEDCC-D5EC-430B-9053-15D79F453E72_1_105_c.jpeg,1024,768,1,indoor,,,,,,yes
mouse_012,mouse,mouse/indoor/8B05EECF-5230-4A1C-9A65-19718701AC47_1_105_c.jpeg,768,1024,1,indoor,,,,,,yes
mouse_013,mouse,mouse/indoor/AB50C724-CE79-4683-BE24-9E82FDBB59A4_1_105_c.jpeg,1024,768,1,indoor,,,,,,yes
mouse_014,mouse,mouse/indoor/B17C997E-3F90-487A-99B8-604965067631_1_105_c.jpeg,1024,768,1,indoor,,,,,,yes
mouse_015,mouse,mouse/indoor/BD69DD98-4BCC-4DF1-88A3-4BE420EE0C09_1_105_c.jpeg,1024,768,1,indoor,,,,,,yes
mouse_016,mouse,mouse/indoor/C21E89D0-0099-4BF6-8AB0-2C31E2A6043D_1_105_c.jpeg,1024,768,1,indoor,,,,,,yes
mouse_017,mouse,mouse/indoor/C483997E-402B-4499-B796-DD3C1AE8235F_1_105_c.jpeg,768,1024,1,indoor,,,,,,yes
mouse_018,mouse,mouse/indoor/FB5B013B-1D79-46F1-B679-4A1D41D920D0_1_105_c.jpeg,1024,768,1,indoor,,,,,,yes
mouse_019,mouse,mouse/outdoor/0157BFB1-9BA3-4604-9060-629E8BCD234F_1_105_c.jpeg,768,1024,1,outdoor,,,,,,yes
mouse_020,mouse,mouse/outdoor/03F4AA2F-66E3-4CC0-867B-FAF96294D0C3_1_105_c.jpeg,1024,768,1,outdoor,,,,,,yes
mouse_021,mouse,mouse/outdoor/09E08818-1700-45CE-B039-8BBC481FE1C6_1_105_c.jpeg,1024,768,1,outdoor,,,,,,yes
mouse_022,mouse,mouse/outdoor/0B6A58EF-3DC5-4FCC-BB08-C228E5DC4CC7_1_105_c.jpeg,1024,768,1,outdoor,,,,,,yes
mouse_023,mouse,mouse/outdoor/0FED90C7-1C72-49B5-9B7B-AE27E8394F8E_1_105_c.jpeg,768,1024,1,outdoor,,,,,,yes
mouse_024,mouse,mouse/outdoor/2D2F7362-F679-44FB-8720-F91FFA7F0531_1_105_c.jpeg,1024,768,1,outdoor,,,,,,yes
mouse_025,mouse,mouse/outdoor/301607D0-2F5E-49F4-9FAC-CA9E1D140113_1_105_c.jpeg,768,1024,1,outdoor,,,,,,yes
mouse_026,mouse,mouse/outdoor/362FDED7-6DFB-4474-889D-42B4E4304ED3_1_105_c.jpeg,768,1024,1,outdoor,,,,,,yes
mouse_027,mouse,mouse/outdoor/3F8CCBAF-968E-4D33-A087-AC3A7501BC46_1_105_c.jpeg,768,1024,1,outdoor,,,,,,yes
mouse_028,mouse,mouse/outdoor/44131EC3-8468-4EE1-91B3-7513DF4ACC27_1_105_c.jpeg,768,1024,1,outdoor,,,,,,yes
mouse_029,mouse,mouse/outdoor/6ECF7F4D-8F73-4682-9EF8-82B6E6972ACA_1_105_c.jpeg,768,1024,1,outdoor,,,,,,yes
mouse_030,mouse,mouse/outdoor/BE3B612B-C0C1-402E-88F0-3C2545FDA40E_1_105_c.jpeg,768,1024,1,outdoor,,,,,,yes
mug_001,mug,mug/indoor/14134452-8FAC-4F26-BE91-0A1670D76E08.heic,3024,4032,1,indoor,,,,,,yes
mug_002,mug,mug/indoor/14399639-E11C-4719-85EC-BF29B8627C67.heic,3024,4032,1,indoor,,,,,,yes
mug_003,mug,mug/indoor/14621DF2-F293-4218-86C6-3AC496EABB1F.heic,4284,5712,1,indoor,,,,,,yes
mug_004,mug,mug/indoor/149CCE40-4900-446B-857A-EA9EA919226A.heic,4284,5712,1,indoor,,,,,,yes
mug_005,mug,mug/indoor/1B9038DA-2B81-4938-ABCA-58A7661B0E6C.heic,4284,5712,1,indoor,,,,,,yes
mug_006,mug,mug/indoor/1F18A0B8-F225-425B-BB37-1AF0A7BD891C.heic,3024,4032,1,indoor,,,,,,yes
mug_007,mug,mug/indoor/2682D3B0-E4E5-49EF-BED5-DBDA417F6A3C.heic,3024,4032,1,indoor,,,,,,yes
mug_008,mug,mug/indoor/43A416E6-3BDD-4419-B622-6819EAB3FF0C.heic,4284,5712,1,indoor,,,,,,yes
mug_009,mug,mug/indoor/4ED862FB-EB3A-4A53-8821-11BD2B3C92E1.heic,4284,5712,1,indoor,,,,,,yes
mug_010,mug,mug/indoor/59F097FC-9A98-4CFF-BB86-49A6B0C5B4A0.heic,3024,4032,1,indoor,,,,,,yes
mug_011,mug,mug/indoor/658CB3C1-E70F-455B-BC83-91F93685D9FA.heic,4284,5712,1,indoor,,,,,,yes
mug_012,mug,mug/indoor/68B6770D-F833-463E-87E9-73A4F3C5E8F2.heic,3024,4032,1,indoor,,,,,,yes
mug_013,mug,mug/indoor/7475852B-9718-4320-A18F-73C448D0375D.heic,3024,4032,1,indoor,,,,,,yes
mug_014,mug,mug/indoor/8BE29FCE-C252-4655-B632-45274BE8D8E0.heic,3024,4032,1,indoor,,,,,,yes
mug_015,mug,mug/indoor/99E3A005-A21E-486D-B426-EA538C9D15DB.heic,4284,5712,1,indoor,,,,,,yes
mug_016,mug,mug/indoor/A28565C6-1E9A-408A-84C7-7AF7C6DC1461.heic,4284,5712,1,indoor,,,,,,yes
mug_017,mug,mug/indoor/E1AF7124-28DC-47BF-88CB-86EBCAC749B2.heic,4284,5712,1,indoor,,,,,,yes
mug_018,mug,mug/indoor/EA23C8F4-8136-42EF-94EE-9943C6A53113.heic,3024,4032,1,indoor,,,,,,yes
mug_019,mug,mug/outdoor/087B037F-2A0C-4963-AC0E-BD5609AD9C6F.heic,4284,5712,1,outdoor,,,,,,yes
mug_020,mug,mug/outdoor/16093050-3ABC-4B01-B055-D9CD8D2A6128.heic,4284,5712,1,outdoor,,,,,,yes
mug_021,mug,mug/outdoor/227BE4AD-B161-4227-B955-F610FA33A45F.heic,4284,5712,1,outdoor,,,,,,yes
mug_022,mug,mug/outdoor/520A7CAF-42DC-43B6-BA1C-7960E3814B0A.heic,4284,5712,1,outdoor,,,,,,yes
mug_023,mug,mug/outdoor/5A9C667F-F8B3-4C9A-81D5-2A14B082FBEC.heic,4284,5712,1,outdoor,,,,,,yes
mug_024,mug,mug/outdoor/78BE0A0B-455C-4B26-A7BD-2B12EF1D96E5.heic,4284,5712,1,outdoor,,,,,,yes
mug_025,mug,mug/outdoor/88BD135C-D037-430A-BBEE-F4A0E7298E47.heic,3024,4032,1,outdoor,,,,,,yes
mug_026,mug,mug/outdoor/96289A4D-BEBB-445C-A398-9DFEAE05AF1E.heic,4284,5712,1,outdoor,,,,,,yes
mug_027,mug,mug/outdoor/BA593853-1E87-410C-BCB9-3C95E5E324D1.heic,4284,5712,1,outdoor,,,,,,yes
mug_028,mug,mug/outdoor/D5E9AA5B-0CC3-4159-A917-C036F4E5377C.heic,4284,5712,1,outdoor,,,,,,yes
mug_029,mug,mug/outdoor/DA6F7552-A587-4CB5-917E-DB5CB324DEB1.heic,5712,4284,1,outdoor,,,,,,yes
mug_030,mug,mug/outdoor/E13E4FE7-85D5-4E38-8C42-5EF9BEF8255F.heic,3024,4032,1,outdoor,,,,,,yes
pen_001,pen,pen/indoor/0F6510F8-AEBB-4FD8-A6A4-9826E23D9880_1_105_c.jpeg,768,1024,1,indoor,,,,,,yes
pen_002,pen,pen/indoor/20A3ADA2-65CB-4A17-965D-1A990B4EF1F8_1_105_c.jpeg,768,1024,1,indoor,,,,,,yes
pen_003,pen,pen/indoor/60A054C6-909F-4F35-94BC-DB9AD0A50641_1_105_c.jpeg,768,1024,1,indoor,,,,,,yes
pen_004,pen,pen/indoor/6B5D0D97-0E1F-4905-B021-A77E82216E3A_1_105_c.jpeg,768,1024,1,indoor,,,,,,yes
pen_005,pen,pen/indoor/776BF3BD-A5E0-44A7-8816-F07BE667A8D2_1_105_c.jpeg,768,1024,1,indoor,,,,,,yes
pen_006,pen,pen/indoor/7AA2A259-C993-4123-9697-17D924337CF1_1_105_c.jpeg,768,1024,1,indoor,,,,,,yes
pen_007,pen,pen/indoor/92C4ED56-08F1-4758-AE7A-C7C304E11AB1_1_105_c.jpeg,768,1024,1,indoor,,,,,,yes
pen_008,pen,pen/indoor/A34D32EA-BC43-405F-BD79-95B407745A49_1_105_c.jpeg,768,1024,1,indoor,,,,,,yes
pen_009,pen,pen/indoor/A4C92DF3-65A5-416F-9B1D-0074386FB0A1_1_105_c.jpeg,768,1024,1,indoor,,,,,,yes
pen_010,pen,pen/indoor/A7B6D41D-4CB0-434D-9E5B-8F5EB48AAB89_1_105_c.jpeg,768,1024,1,indoor,,,,,,yes
pen_011,pen,pen/indoor/D430E4B2-C4D6-4440-8AF9-3726194C3BEE_1_105_c.jpeg,768,1024,1,indoor,,,,,,yes
pen_012,pen,pen/indoor/D6ACB2DA-0F0F-42DB-99F2-C8E530D8A658_1_105_c.jpeg,768,1024,1,indoor,,,,,,yes
pen_013,pen,pen/indoor/D70FFFAC-FB85-4688-9817-AF24ABAA4BE6_1_105_c.jpeg,768,1024,1,indoor,,,,,,yes
pen_014,pen,pen/indoor/DA7F032E-DF9C-47A9-914F-7233B5EB8589_1_105_c.jpeg,768,1024,1,indoor,,,,,,yes
pen_015,pen,pen/indoor/E88CF05F-027D-4954-851E-19A646F040DA_1_105_c.jpeg,768,1024,1,indoor,,,,,,yes
pen_016,pen,pen/indoor/E982899A-8B13-4FD4-B876-ECB7AD1EF014_1_105_c.jpeg,768,1024,1,indoor,,,,,,yes
pen_017,pen,pen/indoor/F3064E32-DA20-4F66-877B-6B1B7A65DCD7_1_105_c.jpeg,768,1024,1,indoor,,,,,,yes
pen_018,pen,pen/outdoor/25163DDB-26DD-4902-8787-45A1026E46C8.heic,4284,5712,1,outdoor,,,,,,yes
pen_019,pen,pen/outdoor/3A4C5770-84F1-482E-BA20-161C2F687AC1.heic,4284,5712,1,outdoor,,,,,,yes
pen_020,pen,pen/outdoor/5896ADA4-4D64-4DEB-87FC-2E29FBF9D4B9.heic,4284,5712,1,outdoor,,,,,,yes
pen_021,pen,pen/outdoor/7199CA64-259F-47DA-816D-48A2D04E3FFA.heic,4284,5712,1,outdoor,,,,,,yes
pen_022,pen,pen/outdoor/A7C57837-0674-4D6A-8C32-A26F2466A8B5.heic,3024,4032,1,outdoor,,,,,,yes
pen_023,pen,pen/outdoor/AB87AFF0-82F9-4E58-8348-C8EA54FEBC90.heic,3024,4032,1,outdoor,,,,,,yes
pen_024,pen,pen/outdoor/AF50FA9F-8D39-4869-B708-47690DAA29DC.heic,4284,5712,1,outdoor,,,,,,yes
pen_025,pen,pen/outdoor/B3927E6B-63B6-4DF8-90C8-9C3B241C2A7B.heic,3024,4032,1,outdoor,,,,,,yes
pen_026,pen,pen/outdoor/B9B21923-4E20-4B50-9FE1-EC4695670D17.heic,3024,4032,1,outdoor,,,,,,yes
pen_027,pen,pen/outdoor/BB5AD9BA-B9C2-474C-99D2-3DA633CEB1C8.heic,4284,5712,1,outdoor,,,,,,yes
pen_028,pen,pen/outdoor/C19C02EC-42A5-4BDD-82F8-40E10E9233E4.heic,3024,4032,1,outdoor,,,,,,yes
pen_029,pen,pen/outdoor/DF3D3763-DBEF-459D-99AD-6C1BEBDB197C.heic,4284,5712,1,outdoor,,,,,,yes
